<?xml version="1.0"?>
<pagescount>
	<html_total>23</html_total>
	<html_done>23</html_done>
	<images>12</images>
	<script>7</script>
	<css>5</css>
	<pdf/>
	<documents>1</documents>
	<excel>1</excel>
	<powerpoint/>
	<flash/>
	<audios/>
	<videos/>
	<xml/>
	<json/>
	<txt/>
	<autocad/>
	<fonts>8</fonts>
	<scraping_reload>1</scraping_reload>
	<is_pretty_url>false</is_pretty_url>
	<is_ebn>false</is_ebn>
	<email>awggreenfield@googlemail.com</email>
	<theme_name>WmdTheme716707</theme_name>
	<server_url_front_page>https://www6.waybackmachinedownloader.com/wdo/files/demo/sequencing.exeter.ac.uk_awggreenfield_googlemail.com_5tyv0o346o/</server_url_front_page>
	<no_www_url>biosciences.exeter.ac.uk</no_www_url>
	<hosted_domain/>
	<original_archive_url>http://biosciences.exeter.ac.uk/sequencing/</original_archive_url>
	<final_archive_url>http://biosciences.exeter.ac.uk/sequencing/</final_archive_url>
	<front_page_code_date/>
	<total_urls_from_api/>
	<max_reached_live>false</max_reached_live>
	<scrape_other_captures>false</scrape_other_captures>
	<total_size>4032</total_size>
</pagescount>
